geneID,yli_prot.1,proteinID
Yarrowia_lipolytica_Seq_1005,3.2433035e-06,YJR143C
Yarrowia_lipolytica_Seq_1014,9.73094425e-06,YAR015W
Yarrowia_lipolytica_Seq_1071,3.540961275e-05,YER053C
Yarrowia_lipolytica_Seq_1075,5.621141000000001e-06,YDR234W
Yarrowia_lipolytica_Seq_1078,3.627675e-07,YDR300C
Yarrowia_lipolytica_Seq_1090,3.2017984999999996e-06,YLL041C
Yarrowia_lipolytica_Seq_1094,2.8388451000000004e-05,YBR084W
Yarrowia_lipolytica_Seq_1096,1.04700145e-05,YDR109C
Yarrowia_lipolytica_Seq_1105,8.013861500000001e-06,YIR034C
Yarrowia_lipolytica_Seq_1117,1.776775e-07,YLR231C
Yarrowia_lipolytica_Seq_1120,6.536760750000001e-06,yHMPu5000035671_Phaffomyces_antillensis_Seq_3997
Yarrowia_lipolytica_Seq_1122,2.8060914999999998e-06,YJR016C
Yarrowia_lipolytica_Seq_1133,1.845521325e-05,YKL104C
Yarrowia_lipolytica_Seq_1136,4.3574e-07,YGL148W
Yarrowia_lipolytica_Seq_1140,2.535075e-07,YBR035C
Yarrowia_lipolytica_Seq_1155,7.3371875e-07,YBR248C
Yarrowia_lipolytica_Seq_1158,6.1406847499999994e-06,YDR035W
Yarrowia_lipolytica_Seq_1204,4.228291e-06,YPR184W
Yarrowia_lipolytica_Seq_1207,8.68465e-08,YIL023C
Yarrowia_lipolytica_Seq_1212,3.6349222499999993e-06,YLR089C
Yarrowia_lipolytica_Seq_1213,1.6163525e-07,Botrytis_cinerea_Seq_4447
Yarrowia_lipolytica_Seq_1268,3.28505325e-05,YPR001W
Yarrowia_lipolytica_Seq_1298,4.4473784999999995e-06,YGR155W
Yarrowia_lipolytica_Seq_1322,2.110417e-06,YDR529C
Yarrowia_lipolytica_Seq_1329,3.392158e-07,YOR328W
Yarrowia_lipolytica_Seq_133,1.05598e-06,YMR083W
Yarrowia_lipolytica_Seq_1330,1.26788165e-05,YBL076C
Yarrowia_lipolytica_Seq_1334,1.285034025e-05,YOR335C
Yarrowia_lipolytica_Seq_1357,6.752705249999999e-06,YMR099C
Yarrowia_lipolytica_Seq_1359,1.6395655000000002e-06,YDR196C
Yarrowia_lipolytica_Seq_1378,1.86419e-07,YMR006C
Yarrowia_lipolytica_Seq_1382,3.93735e-08,YKL188C
Yarrowia_lipolytica_Seq_1393,4.0248775000000004e-07,YGR046W
Yarrowia_lipolytica_Seq_140,4.6083477499999995e-05,YIL160C
Yarrowia_lipolytica_Seq_1426,2.0474804e-05,YDR158W
Yarrowia_lipolytica_Seq_1428,9.958915e-07,YDL100C
Yarrowia_lipolytica_Seq_1429,2.27450375e-06,YER053C
Yarrowia_lipolytica_Seq_143,1.5380846750000003e-05,YPR145W
Yarrowia_lipolytica_Seq_1465,1.516132025e-05,YDR037W
Yarrowia_lipolytica_Seq_1477,4.717734e-06,YKL150W
Yarrowia_lipolytica_Seq_1480,5.2295740000000004e-06,YMR170C
Yarrowia_lipolytica_Seq_1481,6.957425775000001e-05,YGR256W
Yarrowia_lipolytica_Seq_1509,4.735093e-06,YOL059W
Yarrowia_lipolytica_Seq_1524,3.01190175e-06,YJL130C
Yarrowia_lipolytica_Seq_1526,3.324414e-06,YOR388C
Yarrowia_lipolytica_Seq_1537,7.97301975e-06,Lipomyces_starkeyi_Seq_7051
Yarrowia_lipolytica_Seq_1555,6.015369499999999e-06,YLR017W
Yarrowia_lipolytica_Seq_1568,1.12573725e-06,YKL016C
Yarrowia_lipolytica_Seq_1584,9.934125749999999e-06,YGR094W
Yarrowia_lipolytica_Seq_1601,1.0194357250000002e-05,YKL127W
Yarrowia_lipolytica_Seq_1613,2.721852525e-05,YFL018C
Yarrowia_lipolytica_Seq_1632,1.42844705e-05,YLL043W
Yarrowia_lipolytica_Seq_1633,1.384065e-07,YKR080W
Yarrowia_lipolytica_Seq_1640,8.776425e-08,YNL045W
Yarrowia_lipolytica_Seq_1642,2.5749713e-05,YPL028W
Yarrowia_lipolytica_Seq_1679,2.819687225e-05,YMR120C
Yarrowia_lipolytica_Seq_1699,2.9695675e-07,YGR260W
Yarrowia_lipolytica_Seq_1717,1.12246275e-06,YLR410W
Yarrowia_lipolytica_Seq_173,1.261115e-07,YDR530C
Yarrowia_lipolytica_Seq_174,8.853625100000001e-05,YBL099W
Yarrowia_lipolytica_Seq_1743,8.129025e-08,YPR003C
Yarrowia_lipolytica_Seq_175,1.540192675e-05,yHMPu5000035645_Yarrowia_divulgata_Seq_495
Yarrowia_lipolytica_Seq_1754,1.589937e-06,YOR303W
Yarrowia_lipolytica_Seq_1770,1.0927412000000001e-05,YLR359W
Yarrowia_lipolytica_Seq_179,1.6040575e-07,yHMPu5000034671_Blastobotrys_peoriensis_Seq_3262
Yarrowia_lipolytica_Seq_1806,3.3047225e-07,Stagonospora_nodorum_Seq_3573
Yarrowia_lipolytica_Seq_1814,5.3590525e-07,YOR184W
Yarrowia_lipolytica_Seq_183,2.3930417500000003e-06,YKL211C
Yarrowia_lipolytica_Seq_1846,4.5700675e-07,YMR243C
Yarrowia_lipolytica_Seq_1854,7.626522e-06,Metschnikowia_proteae_Seq_4309
Yarrowia_lipolytica_Seq_1870,7.6004795e-06,YGL205W
Yarrowia_lipolytica_Seq_1875,7.181537500000001e-06,YLR060W
Yarrowia_lipolytica_Seq_1881,2.23050435e-05,YBR221C
Yarrowia_lipolytica_Seq_1887,5.096149249999999e-06,yHMPu5000041863_Candida_gorgasii_Seq_3887
Yarrowia_lipolytica_Seq_1898,3.6600102500000002e-06,YHR091C
Yarrowia_lipolytica_Seq_1906,1.6047304000000002e-05,YKL212W
Yarrowia_lipolytica_Seq_194,2.7707775e-07,YHL011C
Yarrowia_lipolytica_Seq_1948,1.0603825e-06,YML004C
Yarrowia_lipolytica_Seq_1956,1.851520875e-05,YBR011C
Yarrowia_lipolytica_Seq_1972,3.0673714e-05,Geotrichum_candidum_Seq_849
Yarrowia_lipolytica_Seq_1974,3.52683075e-06,YPR020W
Yarrowia_lipolytica_Seq_1977,5.0705057500000004e-05,YJL200C
Yarrowia_lipolytica_Seq_1986,4.927391375e-05,YCR012W
Yarrowia_lipolytica_Seq_1990,3.90712e-07,YHR008C
Yarrowia_lipolytica_Seq_2027,4.669599e-06,Arxula_adeninivorans_Seq_862
Yarrowia_lipolytica_Seq_2042,7.52854725e-06,YPL231W
Yarrowia_lipolytica_Seq_2074,5.241699425e-05,YIL155C
Yarrowia_lipolytica_Seq_2097,1.2956572250000001e-05,YGL026C
Yarrowia_lipolytica_Seq_2103,2.859355e-07,YKL029C
Yarrowia_lipolytica_Seq_2111,4.6947350999999996e-05,YKL106W
Yarrowia_lipolytica_Seq_213,6.91711e-07,YMR110C
Yarrowia_lipolytica_Seq_2160,7.38075725e-06,YFR047C
Yarrowia_lipolytica_Seq_2166,1.8030163e-05,YIL078W
Yarrowia_lipolytica_Seq_2181,1.272795e-07,YEL031W
Yarrowia_lipolytica_Seq_220,7.2325315e-06,YBR263W
Yarrowia_lipolytica_Seq_2206,4.955101749999999e-06,YIL116W
Yarrowia_lipolytica_Seq_2214,2.3805238e-05,YER065C
Yarrowia_lipolytica_Seq_2216,1.0339515e-06,YJR159W
Yarrowia_lipolytica_Seq_2226,1.76023575e-07,YBR229C
Yarrowia_lipolytica_Seq_2246,5.970325e-08,YER086W
Yarrowia_lipolytica_Seq_2289,2.02249275e-06,YMR300C
Yarrowia_lipolytica_Seq_2295,4.4938875e-06,YGL234W
Yarrowia_lipolytica_Seq_2300,1.526346025e-05,Nadsonia_fulvescens_var_elongata_Seq_2140
Yarrowia_lipolytica_Seq_2327,5.896662499999999e-07,YPR048W
Yarrowia_lipolytica_Seq_2333,3.1381775000000003e-07,YBR148W
Yarrowia_lipolytica_Seq_2356,1.5112249999999998e-07,YLR172C
Yarrowia_lipolytica_Seq_2365,1.78493e-07,YPL134C
Yarrowia_lipolytica_Seq_237,7.771614e-06,yHMPu5000041822_Dipodascus_geniculatus_Seq_921
Yarrowia_lipolytica_Seq_241,3.090951125e-05,YPR191W
Yarrowia_lipolytica_Seq_2413,4.377975e-06,YDR508C
Yarrowia_lipolytica_Seq_2414,5.717727e-06,YMR241W
Yarrowia_lipolytica_Seq_2422,9.63508825e-06,YCL018W
Yarrowia_lipolytica_Seq_2434,0.00010037069925,YJR009C
Yarrowia_lipolytica_Seq_2445,9.23945e-08,YJL101C
Yarrowia_lipolytica_Seq_2502,2.6870302999999997e-05,YHR037W
Yarrowia_lipolytica_Seq_251,1.0720125e-07,YOL061W
Yarrowia_lipolytica_Seq_2510,1.9670689999999995e-06,YPR183W
Yarrowia_lipolytica_Seq_2511,7.270575e-09,YGR032W
Yarrowia_lipolytica_Seq_2538,1.532875e-07,YGL142C
Yarrowia_lipolytica_Seq_2545,5.592605e-06,YFR015C
Yarrowia_lipolytica_Seq_2557,5.6393e-08,YGL119W
Yarrowia_lipolytica_Seq_2577,3.5290225e-06,YOR328W
Yarrowia_lipolytica_Seq_258,3.2979388e-05,YNL117W
Yarrowia_lipolytica_Seq_2616,1.1379987499999999e-06,YHR190W
Yarrowia_lipolytica_Seq_2622,7.8034325e-07,YMR058W
Yarrowia_lipolytica_Seq_2643,7.2600725e-07,YLR345W
Yarrowia_lipolytica_Seq_2658,2.1881055000000003e-06,YPL280W
Yarrowia_lipolytica_Seq_2693,1.5035731e-05,YHR104W
Yarrowia_lipolytica_Seq_2694,3.28490975e-06,YKL080W
Yarrowia_lipolytica_Seq_2702,5.456777175000001e-05,YBL030C
Yarrowia_lipolytica_Seq_2704,3.0381286000000002e-05,YML028W
Yarrowia_lipolytica_Seq_2712,6.90398625e-06,YML126C
Yarrowia_lipolytica_Seq_2723,1.6270545e-06,YMR226C
Yarrowia_lipolytica_Seq_2729,4.7702822500000005e-06,YPR035W
Yarrowia_lipolytica_Seq_2738,2.108403625e-05,YIL094C
Yarrowia_lipolytica_Seq_2744,1.3733014250000001e-05,YLR027C
Yarrowia_lipolytica_Seq_2785,5.159085500000001e-06,YDL015C
Yarrowia_lipolytica_Seq_2797,7.9482775e-07,YER026C
Yarrowia_lipolytica_Seq_2803,2.8571351999999998e-05,YBR218C
Yarrowia_lipolytica_Seq_2806,8.4426985e-06,YGR199W
Yarrowia_lipolytica_Seq_2822,2.201721e-06,YEL024W
Yarrowia_lipolytica_Seq_283,3.7590822500000003e-06,YDR019C
Yarrowia_lipolytica_Seq_2830,1.1553780750000002e-05,YKL217W
Yarrowia_lipolytica_Seq_2832,4.5445200000000005e-07,YLR189C
Yarrowia_lipolytica_Seq_2833,4.0420400000000004e-07,YPR127W
Yarrowia_lipolytica_Seq_2856,5.018906299999999e-05,YKL085W
Yarrowia_lipolytica_Seq_286,8.84632725e-06,YGL202W
Yarrowia_lipolytica_Seq_2871,4.5637452500000005e-06,YHR020W
Yarrowia_lipolytica_Seq_2878,1.4973080999999999e-05,YDL131W
Yarrowia_lipolytica_Seq_2887,6.8316245e-06,Geotrichum_candidum_Seq_6125
Yarrowia_lipolytica_Seq_2895,2.96576075e-05,YGL205W
Yarrowia_lipolytica_Seq_2900,1.694914225e-05,YKL035W
Yarrowia_lipolytica_Seq_2922,1.37052265e-05,YBR263W
Yarrowia_lipolytica_Seq_2925,5.17616975e-06,YJL167W
Yarrowia_lipolytica_Seq_2933,2.2883796499999996e-05,YMR083W
Yarrowia_lipolytica_Seq_297,1.8065954500000002e-05,YNL037C
Yarrowia_lipolytica_Seq_2981,3.118964275e-05,YOR136W
Yarrowia_lipolytica_Seq_3003,7.206917999999999e-07,YPR026W
Yarrowia_lipolytica_Seq_3024,1.6542905750000005e-05,YLR355C
Yarrowia_lipolytica_Seq_3030,1.202470725e-05,YCL009C
Yarrowia_lipolytica_Seq_3033,2.6174435e-06,YNL333W
Yarrowia_lipolytica_Seq_3040,2.707436e-06,YML059C
Yarrowia_lipolytica_Seq_3048,2.3717004e-05,YDR050C
Yarrowia_lipolytica_Seq_3117,2.1427275e-07,YOL049W
Yarrowia_lipolytica_Seq_3155,8.4860625e-08,YKL209C
Yarrowia_lipolytica_Seq_3166,2.08232525e-06,YNL247W
Yarrowia_lipolytica_Seq_3179,9.22214e-07,YML075C
Yarrowia_lipolytica_Seq_3197,7.713751249999999e-06,YMR145C
Yarrowia_lipolytica_Seq_3201,6.69955925e-06,Metschnikowia_matae_maris_Seq_1638
Yarrowia_lipolytica_Seq_3205,5.790025e-08,YEL042W
Yarrowia_lipolytica_Seq_3234,4.8415075e-07,YBR256C
Yarrowia_lipolytica_Seq_3253,1.817103e-06,Geotrichum_candidum_Seq_6512
Yarrowia_lipolytica_Seq_326,2.61812425e-06,YER073W
Yarrowia_lipolytica_Seq_3261,4.035425e-07,YOR176W
Yarrowia_lipolytica_Seq_3263,7.2803859e-05,YKL060C
Yarrowia_lipolytica_Seq_3289,1.29816475e-06,YIL074C
Yarrowia_lipolytica_Seq_3331,1.52800375e-06,YGL055W
Yarrowia_lipolytica_Seq_3369,1.1932545999999999e-05,YGL205W
Yarrowia_lipolytica_Seq_3371,2.26396525e-06,YOR168W
Yarrowia_lipolytica_Seq_3373,1.34595325e-06,YOR065W
Yarrowia_lipolytica_Seq_3377,1.0956392e-05,YIL043C
Yarrowia_lipolytica_Seq_3402,0.00013120163350000002,YPL281C
Yarrowia_lipolytica_Seq_3428,3.11665375e-06,YKR043C
Yarrowia_lipolytica_Seq_3436,5.915349950000001e-05,YKR009C
Yarrowia_lipolytica_Seq_3446,4.88047275e-06,YJL130C
Yarrowia_lipolytica_Seq_3450,1.3166009999999998e-06,YOL097C
Yarrowia_lipolytica_Seq_3455,1.0969132999999998e-05,YNL241C
Yarrowia_lipolytica_Seq_3477,2.3097475000000003e-07,YBR126C
Yarrowia_lipolytica_Seq_3483,5.749098e-06,YOL143C
Yarrowia_lipolytica_Seq_3488,1.0996063000000002e-05,YGL009C
Yarrowia_lipolytica_Seq_3491,1.21491055e-05,YCR053W
Yarrowia_lipolytica_Seq_3498,1.34588e-07,YJL068C
Yarrowia_lipolytica_Seq_3500,2.8153569999999996e-06,YLL001W
Yarrowia_lipolytica_Seq_3507,1.0116614999999998e-05,YGL256W
Yarrowia_lipolytica_Seq_3521,2.77229e-07,YDL040C
Yarrowia_lipolytica_Seq_3533,2.2026467e-05,YBR117C
Yarrowia_lipolytica_Seq_355,3.7314125e-06,YBR159W
Yarrowia_lipolytica_Seq_3554,2.395184675e-05,YBR121C
Yarrowia_lipolytica_Seq_3568,6.32885e-08,YGL027C
Yarrowia_lipolytica_Seq_3588,3.8146719999999997e-06,YGL080W
Yarrowia_lipolytica_Seq_3589,1.124265e-07,YMR301C
Yarrowia_lipolytica_Seq_3599,6.6490405e-06,YMR217W
Yarrowia_lipolytica_Seq_3622,4.3437375e-07,YDR098C
Yarrowia_lipolytica_Seq_3637,2.3841975000000003e-07,YGL065C
Yarrowia_lipolytica_Seq_3641,7.43061e-06,YPL091W
Yarrowia_lipolytica_Seq_3649,6.53425e-08,YOR245C
Yarrowia_lipolytica_Seq_366,5.95106925e-06,YGL205W
Yarrowia_lipolytica_Seq_3685,2.43054e-06,YIR036C
Yarrowia_lipolytica_Seq_3702,6.50567025e-06,YLL051C
Yarrowia_lipolytica_Seq_3714,7.096875e-08,YBR241C
Yarrowia_lipolytica_Seq_3718,2.4690724999999996e-07,YDR297W
Yarrowia_lipolytica_Seq_3730,5.15923e-08,YPL147W
Yarrowia_lipolytica_Seq_3736,7.95428e-07,YKL209C
Yarrowia_lipolytica_Seq_3753,1.8749675e-07,YPL117C
Yarrowia_lipolytica_Seq_3765,1.8888530000000002e-06,YOL140W
Yarrowia_lipolytica_Seq_3782,4.839585e-07,YNR008W
Yarrowia_lipolytica_Seq_3799,4.32859e-07,YLL048C
Yarrowia_lipolytica_Seq_3804,8.42794e-06,YGR061C
Yarrowia_lipolytica_Seq_3809,6.0418325e-06,YJL060W
Yarrowia_lipolytica_Seq_3823,4.725739e-06,YLR420W
Yarrowia_lipolytica_Seq_3842,4.4038275e-07,Geotrichum_candidum_Seq_2298
Yarrowia_lipolytica_Seq_3873,3.902096750000001e-06,YPR069C
Yarrowia_lipolytica_Seq_3934,5.99974925e-06,YFR030W
Yarrowia_lipolytica_Seq_3946,1.4696829999999998e-06,YNL202W
Yarrowia_lipolytica_Seq_3954,3.4587717500000005e-06,YJR095W
Yarrowia_lipolytica_Seq_3965,2.6112712749999998e-05,YKR066C
Yarrowia_lipolytica_Seq_3973,2.5897665e-06,YBR222C
Yarrowia_lipolytica_Seq_4005,9.020378250000001e-06,YBR006W
Yarrowia_lipolytica_Seq_4007,3.2562255e-06,YCL030C
Yarrowia_lipolytica_Seq_401,7.28256e-06,YKL094W
Yarrowia_lipolytica_Seq_4013,9.6950525e-07,YBR084W
Yarrowia_lipolytica_Seq_4026,1.1349745000000002e-06,YGL039W
Yarrowia_lipolytica_Seq_4033,5.946689325e-05,YJR010W
Yarrowia_lipolytica_Seq_4036,3.66818265e-05,YNR050C
Yarrowia_lipolytica_Seq_4052,1.99738075e-06,Metschnikowia_shivogae_Seq_453
Yarrowia_lipolytica_Seq_4060,1.001799425e-05,YDL171C
Yarrowia_lipolytica_Seq_4063,6.391075e-08,YIL107C
Yarrowia_lipolytica_Seq_4067,9.82323125e-06,YMR170C
Yarrowia_lipolytica_Seq_4073,6.37786125e-06,YCR010C
Yarrowia_lipolytica_Seq_4079,9.31515e-07,YGR157W
Yarrowia_lipolytica_Seq_4101,5.951161975e-05,YLR354C
Yarrowia_lipolytica_Seq_4131,2.1495495e-06,YGL040C
Yarrowia_lipolytica_Seq_4134,5.9800027499999995e-06,YNL052W
Yarrowia_lipolytica_Seq_4158,3.90873325e-06,yHMPu5000026124_Ogataea_henricii_Seq_5027
Yarrowia_lipolytica_Seq_4193,3.6392499999999997e-07,YDL080C
Yarrowia_lipolytica_Seq_4194,6.90878175e-06,YMR256C
Yarrowia_lipolytica_Seq_4201,5.186427999999999e-06,YBR041W
Yarrowia_lipolytica_Seq_4226,3.61557e-06,yHMPu5000035665_Middelhovenomyces_tepae_Seq_3639
Yarrowia_lipolytica_Seq_4237,6.9512625e-08,YDR093W
Yarrowia_lipolytica_Seq_4240,1.3945675e-06,YBL011W
Yarrowia_lipolytica_Seq_4253,2.4737925000000003e-06,YGR260W
Yarrowia_lipolytica_Seq_4259,6.357940000000001e-07,YOR202W
Yarrowia_lipolytica_Seq_426,1.1032669999999998e-06,YGR032W
Yarrowia_lipolytica_Seq_4272,5.164225e-08,YDL174C
Yarrowia_lipolytica_Seq_4275,7.725882499999999e-06,YAL012W
Yarrowia_lipolytica_Seq_428,4.2103287500000005e-06,YBL091C
Yarrowia_lipolytica_Seq_4307,2.0260537500000005e-06,YGR185C
Yarrowia_lipolytica_Seq_4311,6.7736e-07,YNR019W
Yarrowia_lipolytica_Seq_433,1.5627213500000002e-05,YDL055C
Yarrowia_lipolytica_Seq_4347,6.07679e-06,YGL191W
Yarrowia_lipolytica_Seq_4358,3.4923494999999996e-06,YML056C
Yarrowia_lipolytica_Seq_4375,3.4344475000000004e-07,YMR165C
Yarrowia_lipolytica_Seq_4396,4.1281725e-07,YGL167C
Yarrowia_lipolytica_Seq_4409,2.654406675e-05,YGR244C
Yarrowia_lipolytica_Seq_4419,1.637945775e-05,YNL071W
Yarrowia_lipolytica_Seq_4434,1.36826325e-06,YMR054W
Yarrowia_lipolytica_Seq_4451,1.3393374000000002e-05,yHMPu5000034661_Dipodascus_albidus_Seq_3608
Yarrowia_lipolytica_Seq_4452,5.34173075e-06,YER023W
Yarrowia_lipolytica_Seq_4454,2.2003887499999998e-06,YER070W
Yarrowia_lipolytica_Seq_4455,1.9253694999999997e-06,YMR189W
Yarrowia_lipolytica_Seq_4461,6.3761372e-05,YDR502C
Yarrowia_lipolytica_Seq_4472,1.9925875e-07,YDL178W
Yarrowia_lipolytica_Seq_4478,2.1078025e-08,YDR040C
Yarrowia_lipolytica_Seq_4495,6.47791e-07,yHMPu5000035633_Candida_hispaniensis_Seq_2087
Yarrowia_lipolytica_Seq_4510,1.8775636249999998e-05,YGR240C
Yarrowia_lipolytica_Seq_4522,1.9611777500000004e-06,YNL169C
Yarrowia_lipolytica_Seq_4526,1.5609837499999999e-06,YBR291C
Yarrowia_lipolytica_Seq_4530,5.0919e-08,YGL125W
Yarrowia_lipolytica_Seq_454,5.097305749999999e-06,YPR021C
Yarrowia_lipolytica_Seq_4542,2.8023287499999997e-06,YOR040W
Yarrowia_lipolytica_Seq_4554,3.0582857249999996e-05,YIL125W
Yarrowia_lipolytica_Seq_4557,5.810936999999998e-06,YNL220W
Yarrowia_lipolytica_Seq_4558,1.856145e-07,Metschnikowia_kipukae_Seq_1387
Yarrowia_lipolytica_Seq_4563,2.0086325e-06,YLR447C
Yarrowia_lipolytica_Seq_4593,3.8971875e-07,YLR209C
Yarrowia_lipolytica_Seq_4602,3.0462625e-07,YNL268W
Yarrowia_lipolytica_Seq_4617,1.7735245e-06,YGR248W
Yarrowia_lipolytica_Seq_4637,1.9037611e-05,YBR127C
Yarrowia_lipolytica_Seq_4642,3.1657075e-07,YOR360C
Yarrowia_lipolytica_Seq_4645,4.76460125e-06,YPL160W
Yarrowia_lipolytica_Seq_4646,6.737588249999999e-06,YDL052C
Yarrowia_lipolytica_Seq_4648,1.041063725e-05,YPR160W
Yarrowia_lipolytica_Seq_4680,4.435479250000001e-06,YLL001W
Yarrowia_lipolytica_Seq_4692,1.9601272499999996e-06,YDR380W
Yarrowia_lipolytica_Seq_4751,1.551939e-06,YER090W
Yarrowia_lipolytica_Seq_4762,1.9649682749999997e-05,YOR142W
Yarrowia_lipolytica_Seq_4786,6.0890879999999995e-06,YHR019C
Yarrowia_lipolytica_Seq_4803,1.1575521e-05,YBL015W
Yarrowia_lipolytica_Seq_4811,6.38080225e-06,YNL104C
Yarrowia_lipolytica_Seq_4819,6.675981999999998e-06,YFL045C
Yarrowia_lipolytica_Seq_4829,5.931670999999999e-06,YBR039W
Yarrowia_lipolytica_Seq_485,7.373824999999999e-08,YGR255C
Yarrowia_lipolytica_Seq_4864,6.9884175e-07,Metschnikowia_matae_Seq_2628
Yarrowia_lipolytica_Seq_4875,1.327532e-05,YKL182W
Yarrowia_lipolytica_Seq_4877,1.0862696e-05,YOL077W-A
Yarrowia_lipolytica_Seq_4878,6.8714975e-07,Metschnikowia_dekortum_Seq_4089
Yarrowia_lipolytica_Seq_488,8.581342499999999e-07,YEL031W
Yarrowia_lipolytica_Seq_4890,1.0355375e-07,YGR007W
Yarrowia_lipolytica_Seq_490,3.3287037500000003e-06,YLR305C
Yarrowia_lipolytica_Seq_4904,1.510539525e-05,YER003C
Yarrowia_lipolytica_Seq_4906,1.1872317e-05,YLL018C
Yarrowia_lipolytica_Seq_491,9.462337500000001e-07,Lipomyces_starkeyi_Seq_8757
Yarrowia_lipolytica_Seq_4910,2.8775062249999997e-05,YAL054C
Yarrowia_lipolytica_Seq_4915,1.027333275e-05,YJR105W
Yarrowia_lipolytica_Seq_4946,2.9435925e-07,YDR481C
Yarrowia_lipolytica_Seq_4951,3.76077e-07,YJR019C
Yarrowia_lipolytica_Seq_496,3.881552999999999e-06,YGL012W
Yarrowia_lipolytica_Seq_4961,3.1411125e-06,YLR438W
Yarrowia_lipolytica_Seq_4996,3.68178075e-06,YLL001W
Yarrowia_lipolytica_Seq_5006,3.3143953749999995e-05,YLR109W
Yarrowia_lipolytica_Seq_5018,1.959345e-07,YPR060C
Yarrowia_lipolytica_Seq_5058,1.437326075e-05,YFL053W
Yarrowia_lipolytica_Seq_5076,1.392728775e-05,YDL185W
Yarrowia_lipolytica_Seq_5137,5.00641425e-06,YFL022C
Yarrowia_lipolytica_Seq_5140,3.7206499999999996e-08,YBR208C
Yarrowia_lipolytica_Seq_5158,7.711273925e-05,YHL032C
Yarrowia_lipolytica_Seq_5178,2.8001575000000003e-07,YNL274C
Yarrowia_lipolytica_Seq_518,1.8421237499999999e-06,YPR033C
Yarrowia_lipolytica_Seq_519,1.5294993249999998e-05,YHR019C
Yarrowia_lipolytica_Seq_5199,6.087780749999999e-06,YDR148C
Yarrowia_lipolytica_Seq_5209,3.87520625e-06,YBL039C
Yarrowia_lipolytica_Seq_5211,3.27956025e-06,YKL103C
Yarrowia_lipolytica_Seq_5213,1.0193042e-05,YMR110C
Yarrowia_lipolytica_Seq_524,3.699263e-06,YDR305C
Yarrowia_lipolytica_Seq_5244,1.2671939000000001e-05,YHR104W
Yarrowia_lipolytica_Seq_5260,6.762654e-06,YGR019W
Yarrowia_lipolytica_Seq_5264,1.5796075e-07,Geotrichum_candidum_Seq_5627
Yarrowia_lipolytica_Seq_5280,1.407283825e-05,YHR046C
Yarrowia_lipolytica_Seq_5283,1.16711425e-06,YFL030W
Yarrowia_lipolytica_Seq_529,3.7291967250000004e-05,YER178W
Yarrowia_lipolytica_Seq_5314,1.6920718e-05,YDR036C
Yarrowia_lipolytica_Seq_5318,1.2448225e-08,YDR093W
Yarrowia_lipolytica_Seq_5330,1.7133055e-06,YBR029C
Yarrowia_lipolytica_Seq_5347,9.418076e-06,YNL202W
Yarrowia_lipolytica_Seq_536,9.917806500000001e-06,YNR016C
Yarrowia_lipolytica_Seq_5364,1.2526375e-07,YDR062W
Yarrowia_lipolytica_Seq_5366,2.1941606e-05,yHMPu5000034673_Blastobotrys_nivea_Seq_8232
Yarrowia_lipolytica_Seq_5375,3.03613775e-06,YGR193C
Yarrowia_lipolytica_Seq_5437,8.81855725e-06,YFR044C
Yarrowia_lipolytica_Seq_5443,1.3723123249999998e-05,YKL148C
Yarrowia_lipolytica_Seq_545,1.5675425e-07,YDR044W
Yarrowia_lipolytica_Seq_5450,1.59974275e-06,YOR332W
Yarrowia_lipolytica_Seq_5451,2.39328875e-06,YKL141W
Yarrowia_lipolytica_Seq_547,1.5278675e-07,yHMPu5000034990_Candida_corydali_Seq_3601
Yarrowia_lipolytica_Seq_5475,1.18107575e-06,YCR034W
Yarrowia_lipolytica_Seq_5485,5.34535e-07,YGL039W
Yarrowia_lipolytica_Seq_5489,6.0671535e-06,YOR323C
Yarrowia_lipolytica_Seq_5497,6.176175e-08,YHR137W
Yarrowia_lipolytica_Seq_5498,8.655032925e-05,YKL067W
Yarrowia_lipolytica_Seq_5526,5.5652475e-07,YMR278W
Yarrowia_lipolytica_Seq_5527,5.16933e-07,YJL155C
Yarrowia_lipolytica_Seq_5530,4.6446024999999997e-07,YOR095C
Yarrowia_lipolytica_Seq_5573,7.31615e-08,YHR072W
Yarrowia_lipolytica_Seq_5599,1.08052725e-06,Metschnikowia_hamakuensis_Seq_2035
Yarrowia_lipolytica_Seq_5655,1.4785314750000001e-05,YJL200C
Yarrowia_lipolytica_Seq_5660,8.7892535e-06,YJR139C
Yarrowia_lipolytica_Seq_5667,8.448620000000001e-07,YDR516C
Yarrowia_lipolytica_Seq_5673,1.0792334000000001e-05,YML042W
Yarrowia_lipolytica_Seq_5708,1.2529586500000003e-05,YEL046C
Yarrowia_lipolytica_Seq_5712,8.35895e-07,YDL095W
Yarrowia_lipolytica_Seq_573,2.3023125e-07,YGL001C
Yarrowia_lipolytica_Seq_5747,4.30116025e-06,YDR508C
Yarrowia_lipolytica_Seq_5759,2.06827025e-06,Fusarium_graminearum_Seq_4803
Yarrowia_lipolytica_Seq_5781,6.2680272499999995e-06,YCL017C
Yarrowia_lipolytica_Seq_5787,6.4589204999999995e-06,YDR023W
Yarrowia_lipolytica_Seq_580,1.7656775000000002e-07,YKL103C
Yarrowia_lipolytica_Seq_5815,5.9845387499999985e-06,YPR006C
Yarrowia_lipolytica_Seq_587,1.5661975e-07,YER152C
Yarrowia_lipolytica_Seq_5870,5.9684935e-06,YMR108W
Yarrowia_lipolytica_Seq_5878,1.04916025e-06,Aspergillus_nidulans_Seq_1543
Yarrowia_lipolytica_Seq_588,4.41375675e-06,YPL280W
Yarrowia_lipolytica_Seq_5880,4.26578775e-06,YMR250W
Yarrowia_lipolytica_Seq_589,5.970325e-08,YMR110C
Yarrowia_lipolytica_Seq_5890,3.2516777499999997e-06,YPR192W
Yarrowia_lipolytica_Seq_5902,8.35951475e-06,YKL152C
Yarrowia_lipolytica_Seq_5903,2.9293862499999997e-06,YAL035W
Yarrowia_lipolytica_Seq_5905,4.773218e-06,YDR127W
Yarrowia_lipolytica_Seq_5913,1.40248e-07,YOR100C
Yarrowia_lipolytica_Seq_5919,7.79586625e-06,yHMPu5000035645_Yarrowia_divulgata_Seq_495
Yarrowia_lipolytica_Seq_5929,1.7224817e-05,YPL262W
Yarrowia_lipolytica_Seq_5957,5.1848e-08,YPL189W
Yarrowia_lipolytica_Seq_597,2.3316972499999996e-06,YBR020W
Yarrowia_lipolytica_Seq_5982,5.3473194749999995e-05,YER043C
Yarrowia_lipolytica_Seq_6007,5.772177500000001e-07,YDR531W
Yarrowia_lipolytica_Seq_602,6.400324999999999e-08,YMR015C
Yarrowia_lipolytica_Seq_6030,2.7278314999999997e-05,YBR196C
Yarrowia_lipolytica_Seq_6033,7.0284e-08,Fusarium_graminearum_Seq_316
Yarrowia_lipolytica_Seq_6036,2.7922155e-06,YJL088W
Yarrowia_lipolytica_Seq_6038,3.037449175e-05,YOR347C
Yarrowia_lipolytica_Seq_6083,3.7986400999999995e-05,YNR001C
Yarrowia_lipolytica_Seq_6085,9.513225e-08,Arthrobotrys_oligospora_Seq_4636
Yarrowia_lipolytica_Seq_6088,6.186041750000001e-06,YGR264C
Yarrowia_lipolytica_Seq_6090,1.8363669749999997e-05,YKR097W
Yarrowia_lipolytica_Seq_6112,1.2673146500000001e-05,YML008C
Yarrowia_lipolytica_Seq_6129,3.0826647499999995e-06,Metschnikowia_kipukae_Seq_1387
Yarrowia_lipolytica_Seq_6157,5.790081750000001e-06,YPL265W
Yarrowia_lipolytica_Seq_6158,4.1167732499999994e-06,YPR036W
Yarrowia_lipolytica_Seq_6202,2.1409669999999996e-06,YKL001C
Yarrowia_lipolytica_Seq_622,2.5299725000000003e-07,YMR271C
Yarrowia_lipolytica_Seq_6248,2.36084875e-06,YOL064C
Yarrowia_lipolytica_Seq_6255,4.6291889999999996e-06,yHMPu5000041863_Candida_gorgasii_Seq_1495
Yarrowia_lipolytica_Seq_6269,5.8284525e-07,YJL153C
Yarrowia_lipolytica_Seq_6275,1.135222e-06,YGR282C
Yarrowia_lipolytica_Seq_6277,1.4866650249999998e-05,YGR209C
Yarrowia_lipolytica_Seq_6279,1.3357744750000002e-05,YPL078C
Yarrowia_lipolytica_Seq_6320,3.5224699999999998e-06,YHR208W
Yarrowia_lipolytica_Seq_6321,2.5938330000000003e-06,YEL058W
Yarrowia_lipolytica_Seq_6328,9.099975499999999e-06,YDR047W
Yarrowia_lipolytica_Seq_6340,1.51829025e-06,YNR043W
Yarrowia_lipolytica_Seq_6355,1.076775e-07,YBR019C
Yarrowia_lipolytica_Seq_6362,1.6401907499999999e-06,YHR025W
Yarrowia_lipolytica_Seq_6367,7.46419625e-06,YLR377C
Yarrowia_lipolytica_Seq_6369,7.10904575e-06,YDL168W
Yarrowia_lipolytica_Seq_6408,3.6341755e-06,yHMPu5000035645_Yarrowia_divulgata_Seq_495
Yarrowia_lipolytica_Seq_6409,4.1028232249999994e-05,YOR317W
Yarrowia_lipolytica_Seq_6430,1.0384348750000002e-05,YIL083C
Yarrowia_lipolytica_Seq_653,2.6139225000000005e-07,YPR156C
Yarrowia_lipolytica_Seq_654,1.604666275e-05,YGL245W
Yarrowia_lipolytica_Seq_691,1.6345519750000004e-05,YDR298C
Yarrowia_lipolytica_Seq_698,1.86306525e-06,YBR249C
Yarrowia_lipolytica_Seq_70,3.766912e-06,YPL088W
Yarrowia_lipolytica_Seq_707,9.749845375000001e-05,YJR121W
Yarrowia_lipolytica_Seq_709,3.342825e-08,YLR057W
Yarrowia_lipolytica_Seq_723,1.3077682249999998e-05,YBR115C
Yarrowia_lipolytica_Seq_730,2.3219975e-07,YJL121C
Yarrowia_lipolytica_Seq_732,1.5360975e-07,YER141W
Yarrowia_lipolytica_Seq_733,2.84795e-08,YNR033W
Yarrowia_lipolytica_Seq_743,1.9037367499999998e-06,YOR128C
Yarrowia_lipolytica_Seq_746,6.88686875e-06,YGL253W
Yarrowia_lipolytica_Seq_782,9.581682999999999e-06,YDL198C
Yarrowia_lipolytica_Seq_793,2.880024e-06,YHR042W
Yarrowia_lipolytica_Seq_8,1.2167838e-05,YDL103C
Yarrowia_lipolytica_Seq_806,3.1033283500000005e-05,YAL062W
Yarrowia_lipolytica_Seq_814,1.60248675e-06,YML059C
Yarrowia_lipolytica_Seq_818,1.0364278249999999e-05,YJR137C
Yarrowia_lipolytica_Seq_828,6.165173699999999e-05,YPR002W
Yarrowia_lipolytica_Seq_843,9.05096905e-05,YER091C
Yarrowia_lipolytica_Seq_850,1.9026675e-08,YNL106C
Yarrowia_lipolytica_Seq_852,2.15377375e-06,YHR007C
Yarrowia_lipolytica_Seq_87,3.0367825000000003e-07,YOR251C
Yarrowia_lipolytica_Seq_871,1.0819955000000002e-05,YDL215C
Yarrowia_lipolytica_Seq_882,6.0415115e-06,YER069W
Yarrowia_lipolytica_Seq_889,3.31436025e-06,YER055C
Yarrowia_lipolytica_Seq_89,2.36269375e-06,YKR078W
Yarrowia_lipolytica_Seq_919,5.4381249999999996e-08,YOR002W
Yarrowia_lipolytica_Seq_922,4.1816025000000004e-07,YGL039W
Yarrowia_lipolytica_Seq_928,2.6688375e-07,YGL156W
Yarrowia_lipolytica_Seq_941,2.5746475000000006e-07,YPL023C
Yarrowia_lipolytica_Seq_943,1.837785425e-05,YGR088W
Yarrowia_lipolytica_Seq_946,1.1123752499999998e-05,YJR104C
Yarrowia_lipolytica_Seq_958,2.12365705e-05,YDL066W
Yarrowia_lipolytica_Seq_959,3.7561391499999996e-05,YLR303W
Yarrowia_lipolytica_Seq_990,2.0327449999999998e-07,Metschnikowia_santaceciliae_Seq_1206
