geneID,kma_prot.1,proteinID
Kluyveromyces_marxianus_Seq_2065,5.7356266666666665e-05,YMR083W
Kluyveromyces_marxianus_Seq_2663,1.0519146666666666e-05,YMR083W
Kluyveromyces_marxianus_Seq_3564,9.555766666666666e-05,YER073W
Kluyveromyces_marxianus_Seq_4135,3.688293333333333e-07,YER073W
Kluyveromyces_marxianus_Seq_1791,1.4087876666666667e-05,YGR088W
Kluyveromyces_marxianus_Seq_4827,5.2360133333333334e-05,YER091C
Kluyveromyces_marxianus_Seq_3059,2.74019e-05,YKR009C
Kluyveromyces_marxianus_Seq_417,0.00010776036666666667,YJR009C
Kluyveromyces_marxianus_Seq_2971,5.664443333333334e-06,YDL171C
Kluyveromyces_marxianus_Seq_3803,7.746343333333333e-06,YKL182W
Kluyveromyces_marxianus_Seq_4108,7.09081e-05,YCR012W
Kluyveromyces_marxianus_Seq_443,2.4046933333333332e-05,YJL200C
Kluyveromyces_marxianus_Seq_5094,1.4228516666666668e-06,YJL200C
Kluyveromyces_marxianus_Seq_1911,5.9992999999999995e-06,YNR016C
Kluyveromyces_marxianus_Seq_2165,2.389993333333333e-05,YAL054C
Kluyveromyces_marxianus_Seq_4134,6.02045e-06,YAL054C
Kluyveromyces_marxianus_Seq_3246,5.7188966666666664e-05,YJR121W
Kluyveromyces_marxianus_Seq_2666,6.184796666666667e-06,YPL231W
Kluyveromyces_marxianus_Seq_1204,1.72947e-05,YPR160W
Kluyveromyces_marxianus_Seq_4605,3.666186666666666e-05,YBL099W
Kluyveromyces_marxianus_Seq_4059,2.96829e-05,YDL066W
Kluyveromyces_marxianus_Seq_2156,2.4256799999999998e-05,YDL066W
Kluyveromyces_marxianus_Seq_3920,7.257236666666667e-05,YKL060C
Kluyveromyces_marxianus_Seq_3068,3.906943333333333e-05,YGL253W
Kluyveromyces_marxianus_Seq_2,1.9946266666666666e-05,YBR117C
Kluyveromyces_marxianus_Seq_1656,3.9383466666666667e-05,YDL168W
Kluyveromyces_marxianus_Seq_1267,8.597503333333333e-06,YIL125W
Kluyveromyces_marxianus_Seq_706,4.44918e-06,YGR240C
Kluyveromyces_marxianus_Seq_495,3.3225133333333332e-06,YGR240C
Kluyveromyces_marxianus_Seq_3519,2.46244e-06,YJL130C
Kluyveromyces_marxianus_Seq_2581,7.100056666666666e-07,YJL130C
Kluyveromyces_marxianus_Seq_4323,2.605213333333333e-05,YGR256W
Kluyveromyces_marxianus_Seq_4181,3.318733333333333e-05,yHMPu5000034952_Citeromyces_siamensis_Seq_974
Kluyveromyces_marxianus_Seq_404,8.185103333333334e-06,Metschnikowia_santaceciliae_Seq_5740
Kluyveromyces_marxianus_Seq_2816,1.103742e-05,YER015W
Kluyveromyces_marxianus_Seq_4559,5.331763333333334e-06,YJR137C
Kluyveromyces_marxianus_Seq_4989,2.3461733333333333e-05,YOR347C
Kluyveromyces_marxianus_Seq_4772,3.118936666666667e-05,YPL281C
Kluyveromyces_marxianus_Seq_992,3.367056666666666e-05,YIL160C
Kluyveromyces_marxianus_Seq_3556,6.2586699999999995e-06,YBR084W
Kluyveromyces_marxianus_Seq_1725,1.9009166666666667e-05,YDR516C
Kluyveromyces_marxianus_Seq_1040,2.28059e-05,YML120C
Kluyveromyces_marxianus_Seq_3399,2.02898e-05,YER043C
Kluyveromyces_marxianus_Seq_4041,6.736523333333334e-06,YOR335C
Kluyveromyces_marxianus_Seq_3129,3.879833333333334e-05,YKL085W
Kluyveromyces_marxianus_Seq_4612,1.7809133333333332e-05,YOR120W
Kluyveromyces_marxianus_Seq_4152,1.3451566666666667e-05,YOR120W
Kluyveromyces_marxianus_Seq_3235,1.4964553333333335e-05,YFL018C
Kluyveromyces_marxianus_Seq_1941,1.55905e-05,YPR002W
Kluyveromyces_marxianus_Seq_4561,9.668356666666668e-06,YGL205W
Kluyveromyces_marxianus_Seq_1344,8.029076666666666e-06,YFL053W
Kluyveromyces_marxianus_Seq_4841,3.0445533333333332e-05,YPR191W
Kluyveromyces_marxianus_Seq_3051,3.83303e-06,YBR218C
Kluyveromyces_marxianus_Seq_1936,8.375623333333334e-06,YKL127W
Kluyveromyces_marxianus_Seq_21,5.565603333333333e-07,Arxula_adeninivorans_Seq_5367
Kluyveromyces_marxianus_Seq_194,2.6844933333333335e-05,YLR355C
Kluyveromyces_marxianus_Seq_929,1.2543733333333333e-05,YMR120C
Kluyveromyces_marxianus_Seq_580,9.38078e-06,YNL104C
Kluyveromyces_marxianus_Seq_2688,2.20118e-06,YNL104C
Kluyveromyces_marxianus_Seq_411,3.153603333333333e-05,YJR159W
Kluyveromyces_marxianus_Seq_559,1.48336e-05,YBL015W
Kluyveromyces_marxianus_Seq_218,1.1318766666666666e-05,YDL080C
Kluyveromyces_marxianus_Seq_2814,1.0894693333333333e-05,YDR036C
Kluyveromyces_marxianus_Seq_3292,6.607403333333334e-06,YBR020W
Kluyveromyces_marxianus_Seq_747,1.9301733333333335e-05,YBL045C
Kluyveromyces_marxianus_Seq_3586,7.728676666666667e-06,YGL245W
Kluyveromyces_marxianus_Seq_1485,2.86713e-06,YDR098C
Kluyveromyces_marxianus_Seq_178,2.0624866666666666e-05,YLR303W
Kluyveromyces_marxianus_Seq_1314,2.0665200000000003e-05,YOL058W
Kluyveromyces_marxianus_Seq_2695,7.516873333333334e-06,YBR121C
Kluyveromyces_marxianus_Seq_319,3.3665266666666664e-06,YJL153C
Kluyveromyces_marxianus_Seq_2780,1.4157026666666666e-05,YNL071W
Kluyveromyces_marxianus_Seq_2387,4.015616666666667e-06,YBR019C
Kluyveromyces_marxianus_Seq_2303,1.577179e-06,YHR096C
Kluyveromyces_marxianus_Seq_1894,1.9383266666666667e-06,YOR328W
Kluyveromyces_marxianus_Seq_4203,1.4785000000000002e-05,YPL262W
Kluyveromyces_marxianus_Seq_447,3.369673333333333e-06,YBL076C
Kluyveromyces_marxianus_Seq_4125,1.1819119999999998e-05,YFR044C
Kluyveromyces_marxianus_Seq_1359,2.40219e-05,YLR354C
Kluyveromyces_marxianus_Seq_2145,3.1645833333333335e-06,YGR094W
Kluyveromyces_marxianus_Seq_2251,1.1199596666666667e-05,YLL018C
Kluyveromyces_marxianus_Seq_4126,1.6803933333333334e-05,YIL162W
Kluyveromyces_marxianus_Seq_1817,4.3602966666666666e-06,YMR250W
Kluyveromyces_marxianus_Seq_4484,1.5261633333333333e-05,YGR244C
Kluyveromyces_marxianus_Seq_1693,1.2090219999999998e-05,YAL062W
Kluyveromyces_marxianus_Seq_1898,1.9063266666666668e-05,YOR142W
Kluyveromyces_marxianus_Seq_1290,1.052941e-05,YDL131W
Kluyveromyces_marxianus_Seq_1779,7.809716666666666e-06,YKL148C
Kluyveromyces_marxianus_Seq_1303,6.471270000000001e-06,YBR196C
Kluyveromyces_marxianus_Seq_4611,1.9118133333333333e-06,YGR061C
Kluyveromyces_marxianus_Seq_4115,3.506493333333334e-05,YDR050C
Kluyveromyces_marxianus_Seq_2437,6.382963333333334e-06,YPR145W
Kluyveromyces_marxianus_Seq_3128,8.600019999999999e-06,YDL185W
Kluyveromyces_marxianus_Seq_2887,1.5243899999999998e-05,YHR208W
Kluyveromyces_marxianus_Seq_1285,1.5436799999999998e-05,YBL030C
Kluyveromyces_marxianus_Seq_49,1.0937546666666667e-05,YHR104W
Kluyveromyces_marxianus_Seq_1139,5.211716666666666e-06,YHR020W
Kluyveromyces_marxianus_Seq_1746,5.082243333333333e-05,YJR104C
Kluyveromyces_marxianus_Seq_5025,5.393013333333333e-06,YKL104C
Kluyveromyces_marxianus_Seq_856,6.8331666666666675e-06,YML042W
Kluyveromyces_marxianus_Seq_524,1.5122096666666666e-05,Spathaspora_arborariae_Seq_5108
Kluyveromyces_marxianus_Seq_2777,6.5922e-06,YNL241C
Kluyveromyces_marxianus_Seq_3959,4.787313333333334e-06,YGL009C
Kluyveromyces_marxianus_Seq_2300,1.0986423333333333e-05,YPL028W
Kluyveromyces_marxianus_Seq_1080,1.2092e-05,YBR221C
Kluyveromyces_marxianus_Seq_1437,9.369783333333335e-06,YER178W
Kluyveromyces_marxianus_Seq_1054,1.0074649999999998e-05,YCR105W
Kluyveromyces_marxianus_Seq_4288,8.239209999999999e-07,YML100W
Kluyveromyces_marxianus_Seq_2842,5.90418e-06,YKL035W
Kluyveromyces_marxianus_Seq_1060,6.407603333333334e-06,YIL155C
Kluyveromyces_marxianus_Seq_3218,1.129416e-05,YDR502C
Kluyveromyces_marxianus_Seq_885,8.128156666666666e-07,YGR032W
Kluyveromyces_marxianus_Seq_2385,9.24933e-06,YPR127W
Kluyveromyces_marxianus_Seq_2797,7.989086666666667e-06,YBR127C
Kluyveromyces_marxianus_Seq_4079,1.47134e-05,YDL055C
Kluyveromyces_marxianus_Seq_2839,1.4196453333333332e-05,YPR001W
Kluyveromyces_marxianus_Seq_3330,1.1026726666666666e-05,YPR006C
Kluyveromyces_marxianus_Seq_2256,6.6094199999999995e-06,YJR010W
Kluyveromyces_marxianus_Seq_1712,5.299796666666666e-06,YDR023W
Kluyveromyces_marxianus_Seq_4278,1.0128163333333333e-05,YPR035W
Kluyveromyces_marxianus_Seq_1428,2.08873e-05,YML028W
Kluyveromyces_marxianus_Seq_2709,1.5346866666666668e-06,YBR115C
Kluyveromyces_marxianus_Seq_2672,3.90254e-06,YIL078W
Kluyveromyces_marxianus_Seq_916,2.9835699999999997e-06,YPR033C
Kluyveromyces_marxianus_Seq_3112,1.3653433333333333e-06,YDR127W
Kluyveromyces_marxianus_Seq_4343,7.889563333333333e-06,YDR148C
Kluyveromyces_marxianus_Seq_3457,1.4984566666666665e-05,YJR077C
Kluyveromyces_marxianus_Seq_3862,2.005103e-06,YDR109C
Kluyveromyces_marxianus_Seq_2249,1.5955466666666667e-05,YBR011C
Kluyveromyces_marxianus_Seq_3299,3.13013e-06,YGR264C
Kluyveromyces_marxianus_Seq_5098,2.8608866666666667e-06,YLL001W
Kluyveromyces_marxianus_Seq_826,7.368346666666667e-06,YGR019W
Kluyveromyces_marxianus_Seq_2537,5.044153333333333e-06,YLR359W
Kluyveromyces_marxianus_Seq_2596,4.2700766666666664e-06,YGL234W
Kluyveromyces_marxianus_Seq_2879,1.141049e-06,YDR074W
Kluyveromyces_marxianus_Seq_3257,9.64362e-06,YDR158W
Kluyveromyces_marxianus_Seq_4631,1.0745416666666666e-05,YIL094C
Kluyveromyces_marxianus_Seq_229,1.837961666666667e-06,YDL215C
Kluyveromyces_marxianus_Seq_4188,2.5314733333333333e-05,YLR109W
Kluyveromyces_marxianus_Seq_3030,2.62436e-06,YFR030W
Kluyveromyces_marxianus_Seq_3278,1.8413066666666665e-05,YHR008C
Kluyveromyces_marxianus_Seq_3373,3.963843333333333e-06,YKL103C
Kluyveromyces_marxianus_Seq_4614,5.881020000000001e-06,YBR148W
Kluyveromyces_marxianus_Seq_3401,9.178769999999999e-06,YOR136W
Kluyveromyces_marxianus_Seq_459,8.703083333333333e-06,YJR105W
Kluyveromyces_marxianus_Seq_2862,4.798106666666667e-06,YNL045W
Kluyveromyces_marxianus_Seq_1274,1.4017083333333332e-06,YAL035W
Kluyveromyces_marxianus_Seq_2347,6.125063333333333e-06,YBR263W
Kluyveromyces_marxianus_Seq_1982,4.342006666666667e-06,YOL059W
Kluyveromyces_marxianus_Seq_1041,5.494710000000001e-06,YGL202W
Kluyveromyces_marxianus_Seq_4609,2.5336266666666667e-06,YDR234W
Kluyveromyces_marxianus_Seq_2284,4.26825e-06,YLR060W
Kluyveromyces_marxianus_Seq_4315,8.744946666666667e-06,YLR027C
Kluyveromyces_marxianus_Seq_3664,7.36593e-06,YGR155W
Kluyveromyces_marxianus_Seq_4192,5.9838499999999995e-06,YCR053W
Kluyveromyces_marxianus_Seq_581,3.197313333333333e-06,YER069W
Kluyveromyces_marxianus_Seq_3650,2.6747899999999995e-06,YBR006W
Kluyveromyces_marxianus_Seq_4516,5.286896666666667e-06,YGR194C
Kluyveromyces_marxianus_Seq_133,2.6259333333333338e-05,YKL067W
Kluyveromyces_marxianus_Seq_1883,1.58518e-05,YFL045C
Kluyveromyces_marxianus_Seq_4865,3.3999833333333334e-06,YHR019C
Kluyveromyces_marxianus_Seq_1357,4.02846e-06,YGL125W
Kluyveromyces_marxianus_Seq_3853,2.4004600000000003e-06,YDR037W
Kluyveromyces_marxianus_Seq_731,4.7772700000000004e-06,YNR050C
Kluyveromyces_marxianus_Seq_4860,1.1577173333333332e-05,YKL150W
Kluyveromyces_marxianus_Seq_2418,3.900693333333333e-06,YIL074C
Kluyveromyces_marxianus_Seq_4444,4.0434333333333335e-06,YMR108W
Kluyveromyces_marxianus_Seq_2935,8.92131e-06,YGL039W
Kluyveromyces_marxianus_Seq_4784,1.31225e-05,YIL053W
Kluyveromyces_marxianus_Seq_4654,1.6659266666666667e-07,YPR184W
Kluyveromyces_marxianus_Seq_2815,6.91534e-06,YNL037C
Kluyveromyces_marxianus_Seq_4913,9.570853333333333e-06,YDL078C
Kluyveromyces_marxianus_Seq_4726,5.9712699999999995e-06,YNL274C
Kluyveromyces_marxianus_Seq_3254,6.7872333333333326e-06,YNL220W
Kluyveromyces_marxianus_Seq_1652,1.1944066666666666e-05,YBL064C
Kluyveromyces_marxianus_Seq_3377,8.13511e-06,YFL030W
Kluyveromyces_marxianus_Seq_1832,2.8466033333333334e-06,YMR217W
Kluyveromyces_marxianus_Seq_3004,2.8488833333333337e-06,YBR126C
Kluyveromyces_marxianus_Seq_109,4.42151e-06,YER003C
Kluyveromyces_marxianus_Seq_1375,8.82312e-06,YBR039W
Kluyveromyces_marxianus_Seq_4929,2.9620433333333334e-06,YFR015C
Kluyveromyces_marxianus_Seq_2164,5.0600133333333335e-06,YDR044W
Kluyveromyces_marxianus_Seq_4967,4.382623333333333e-06,YPL095C
Kluyveromyces_marxianus_Seq_1922,7.83495e-06,YKR066C
Kluyveromyces_marxianus_Seq_1872,2.4763166666666666e-06,YJR016C
Kluyveromyces_marxianus_Seq_3043,2.0725733333333333e-06,YGL026C
Kluyveromyces_marxianus_Seq_5037,2.3823533333333336e-06,YMR145C
Kluyveromyces_marxianus_Seq_880,4.808026666666667e-06,YJL068C
Kluyveromyces_marxianus_Seq_4050,6.9192666666666666e-06,YHR104W
Kluyveromyces_marxianus_Seq_1800,1.0777366666666664e-05,YGR248W
Kluyveromyces_marxianus_Seq_3022,4.058146666666667e-06,YIR034C
Kluyveromyces_marxianus_Seq_4685,5.6507200000000005e-06,YGL148W
Kluyveromyces_marxianus_Seq_1272,5.348699999999999e-06,YHR106W
Kluyveromyces_marxianus_Seq_2995,9.409083333333334e-06,YDR226W
Kluyveromyces_marxianus_Seq_597,2.36475e-06,YCL017C
Kluyveromyces_marxianus_Seq_3282,2.9789733333333335e-07,YBR208C
Kluyveromyces_marxianus_Seq_2148,1.176425e-05,YCL009C
Kluyveromyces_marxianus_Seq_737,5.049716666666667e-06,YML008C
Kluyveromyces_marxianus_Seq_1081,7.649743333333335e-06,YKL152C
Kluyveromyces_marxianus_Seq_1004,6.164136666666666e-06,YJR095W
Kluyveromyces_marxianus_Seq_2609,2.5942100000000004e-06,YJL026W
Kluyveromyces_marxianus_Seq_1655,3.959746666666667e-06,YPL091W
Kluyveromyces_marxianus_Seq_1347,1.8998233333333333e-06,YER090W
Kluyveromyces_marxianus_Seq_2207,2.9279133333333332e-06,YLR300W
Kluyveromyces_marxianus_Seq_1770,4.347626666666666e-06,YMR062C
Kluyveromyces_marxianus_Seq_5104,1.3978103333333334e-06,YHR042W
Kluyveromyces_marxianus_Seq_1174,4.31268e-06,YOL140W
Kluyveromyces_marxianus_Seq_314,8.020543333333335e-06,Metschnikowia_dekortum_Seq_167
Kluyveromyces_marxianus_Seq_4053,2.98658e-06,YJR051W
Kluyveromyces_marxianus_Seq_180,1.7939886666666667e-06,YJL060W
Kluyveromyces_marxianus_Seq_593,2.204683333333333e-06,YOL097C
Kluyveromyces_marxianus_Seq_4959,3.962453333333333e-07,YBR018C
Kluyveromyces_marxianus_Seq_4282,1.8103866666666668e-06,YOR128C
Kluyveromyces_marxianus_Seq_197,8.960803333333334e-06,YIL010W
Kluyveromyces_marxianus_Seq_841,1.1122463333333334e-05,YPL280W
Kluyveromyces_marxianus_Seq_1588,2.5377066666666667e-06,YBR263W
Kluyveromyces_marxianus_Seq_3120,3.886866666666667e-06,Lachancea_dasiensis_Seq_2651
Kluyveromyces_marxianus_Seq_312,1.8479713333333335e-06,YER086W
Kluyveromyces_marxianus_Seq_923,1.95042e-06,YKL212W
Kluyveromyces_marxianus_Seq_5045,1.1052663333333335e-06,YAR035W
Kluyveromyces_marxianus_Seq_2930,6.048266666666667e-06,YPL088W
Kluyveromyces_marxianus_Seq_2911,5.377370000000001e-06,YAL012W
Kluyveromyces_marxianus_Seq_3820,3.749296666666667e-06,YPL078C
Kluyveromyces_marxianus_Seq_4116,5.9114e-06,YEL024W
Kluyveromyces_marxianus_Seq_4797,4.166543333333333e-06,YLL041C
Kluyveromyces_marxianus_Seq_1484,2.8386533333333333e-06,YPR069C
Kluyveromyces_marxianus_Seq_1885,1.911593333333333e-06,YDR019C
Kluyveromyces_marxianus_Seq_1926,3.181746666666667e-06,YOR040W
Kluyveromyces_marxianus_Seq_2673,2.483582e-06,YJL167W
Kluyveromyces_marxianus_Seq_4128,5.350833333333333e-06,YDR298C
Kluyveromyces_marxianus_Seq_3525,1.4356656666666666e-06,YJR153W
Kluyveromyces_marxianus_Seq_811,2.9992373333333334e-07,YML075C
Kluyveromyces_marxianus_Seq_2193,3.737256666666667e-06,YNL202W
Kluyveromyces_marxianus_Seq_1120,7.714399999999999e-07,Lachancea_quebecensis_Seq_3384
Kluyveromyces_marxianus_Seq_1468,3.0484366666666663e-06,YOR100C
Kluyveromyces_marxianus_Seq_144,3.818913333333334e-06,YCL018W
Kluyveromyces_marxianus_Seq_2344,4.4889566666666665e-06,Metschnikowia_santaceciliae_Seq_2763
Kluyveromyces_marxianus_Seq_2965,1.5217293333333334e-07,YDR536W
Kluyveromyces_marxianus_Seq_4486,1.8827833333333333e-06,YJL088W
Kluyveromyces_marxianus_Seq_1483,2.41052e-07,YHR074W
Kluyveromyces_marxianus_Seq_2868,2.0573663333333333e-07,YEL031W
Kluyveromyces_marxianus_Seq_874,3.556253333333333e-06,YBR046C
Kluyveromyces_marxianus_Seq_3070,4.33255e-06,YOL064C
Kluyveromyces_marxianus_Seq_692,1.62935e-06,YDL178W
Kluyveromyces_marxianus_Seq_387,3.7925400000000004e-06,YMR226C
Kluyveromyces_marxianus_Seq_401,2.7215299999999997e-06,YEL046C
Kluyveromyces_marxianus_Seq_1908,1.3448756666666667e-06,YKL211C
Kluyveromyces_marxianus_Seq_890,2.4621733333333334e-06,YHL011C
Kluyveromyces_marxianus_Seq_4375,7.241310000000001e-07,YBL068W
Kluyveromyces_marxianus_Seq_2413,2.0497e-06,YPR183W
Kluyveromyces_marxianus_Seq_2728,2.5642566666666665e-06,YOR184W
Kluyveromyces_marxianus_Seq_448,1.078969e-06,YFL022C
Kluyveromyces_marxianus_Seq_413,1.1071813333333332e-05,YLL051C
Kluyveromyces_marxianus_Seq_4626,1.108525e-06,YHL032C
Kluyveromyces_marxianus_Seq_4721,2.1149633333333332e-06,YNL333W
Kluyveromyces_marxianus_Seq_4044,1.088897e-06,YML054C
Kluyveromyces_marxianus_Seq_609,1.585371e-06,Metschnikowia_matae_Seq_2628
Kluyveromyces_marxianus_Seq_630,3.6434100000000004e-06,YOL126C
Kluyveromyces_marxianus_Seq_3016,1.1831380000000001e-06,YOR176W
Kluyveromyces_marxianus_Seq_4239,2.4907833333333332e-06,YKL080W
Kluyveromyces_marxianus_Seq_871,3.23907e-06,YLR420W
Kluyveromyces_marxianus_Seq_4255,1.7384799999999998e-06,YGR185C
Kluyveromyces_marxianus_Seq_4496,9.344393333333334e-06,YGL187C
Kluyveromyces_marxianus_Seq_978,1.1935483333333333e-06,YGR282C
Kluyveromyces_marxianus_Seq_3061,6.163063333333333e-07,YMR006C
Kluyveromyces_marxianus_Seq_4889,1.44988e-06,YMR300C
Kluyveromyces_marxianus_Seq_2497,3.4331666666666666e-07,YMR054W
Kluyveromyces_marxianus_Seq_1580,2.1711300000000003e-06,YOL049W
Kluyveromyces_marxianus_Seq_4487,2.8402433333333337e-07,YHR037W
Kluyveromyces_marxianus_Seq_2743,5.123412999999999e-07,Metschnikowia_dekortum_Seq_4089
Kluyveromyces_marxianus_Seq_3161,1.2746599999999998e-06,YBR248C
Kluyveromyces_marxianus_Seq_3985,1.2533316666666667e-07,YNL117W
Kluyveromyces_marxianus_Seq_4105,5.683923333333333e-07,YGR175C
Kluyveromyces_marxianus_Seq_3681,3.723883333333334e-07,YJL212C
Kluyveromyces_marxianus_Seq_3941,4.1148333333333335e-08,YDR040C
Kluyveromyces_marxianus_Seq_1017,4.997256666666667e-06,YDL198C
Kluyveromyces_marxianus_Seq_3403,5.610923333333333e-06,YPR062W
Kluyveromyces_marxianus_Seq_2200,6.834343333333334e-07,YML086C
Kluyveromyces_marxianus_Seq_4398,6.582356666666666e-07,YKL217W
Kluyveromyces_marxianus_Seq_3262,7.811463333333333e-07,YHR019C
Kluyveromyces_marxianus_Seq_994,1.7718233333333335e-07,YLR410W
Kluyveromyces_marxianus_Seq_347,4.80816e-07,YER070W
Kluyveromyces_marxianus_Seq_3345,9.639716666666665e-07,YDR035W
Kluyveromyces_marxianus_Seq_918,4.025706333333333e-06,YNL052W
Kluyveromyces_marxianus_Seq_1379,5.538819999999999e-07,YDR481C
Kluyveromyces_marxianus_Seq_4939,1.2879433333333332e-06,YDL103C
Kluyveromyces_marxianus_Seq_4813,1.2461e-06,YMR241W
Kluyveromyces_marxianus_Seq_1747,1.7277766666666664e-06,YIR038C
Kluyveromyces_marxianus_Seq_675,3.39081e-06,yHMPu5000034990_Candida_corydali_Seq_3601
Kluyveromyces_marxianus_Seq_3382,1.311187e-06,YLR377C
Kluyveromyces_marxianus_Seq_4492,1.66204e-06,YIL116W
Kluyveromyces_marxianus_Seq_3550,9.97189e-07,YOR099W
Kluyveromyces_marxianus_Seq_3223,5.852307666666666e-07,YOR209C
Kluyveromyces_marxianus_Seq_1310,4.2367633333333333e-07,YMR296C
Kluyveromyces_marxianus_Seq_4094,1.5497266666666665e-07,YMR170C
Kluyveromyces_marxianus_Seq_112,1.7104803333333334e-06,YHR068W
Kluyveromyces_marxianus_Seq_3956,1.2131786666666666e-06,YLR017W
Kluyveromyces_marxianus_Seq_2872,8.010583333333334e-07,YML004C
Kluyveromyces_marxianus_Seq_449,4.099863333333333e-06,YGR243W
Kluyveromyces_marxianus_Seq_5057,9.754229999999999e-08,YGR199W
Kluyveromyces_marxianus_Seq_1333,6.398206666666667e-07,YER026C
Kluyveromyces_marxianus_Seq_1688,3.832166666666667e-07,YJL101C
Kluyveromyces_marxianus_Seq_1515,5.949826666666667e-07,YLR133W
Kluyveromyces_marxianus_Seq_4299,1.4601626666666665e-06,YAR015W
Kluyveromyces_marxianus_Seq_2342,1.0732693333333333e-06,YLR089C
Kluyveromyces_marxianus_Seq_3692,1.7427200000000002e-06,YJR019C
Kluyveromyces_marxianus_Seq_3638,1.20354e-06,YNR043W
Kluyveromyces_marxianus_Seq_2603,6.403750000000001e-07,YGR177C
Kluyveromyces_marxianus_Seq_3171,4.3736900000000003e-07,YDL100C
Kluyveromyces_marxianus_Seq_1065,6.61642e-07,YCR034W
Kluyveromyces_marxianus_Seq_3121,5.692436666666667e-07,YBL039C
Kluyveromyces_marxianus_Seq_203,1.236151e-06,YPL273W
Kluyveromyces_marxianus_Seq_2964,2.3783193333333336e-06,YKL141W
Kluyveromyces_marxianus_Seq_2154,1.1715483333333333e-06,YDL052C
Kluyveromyces_marxianus_Seq_1055,1.6396086666666668e-06,YBR256C
Kluyveromyces_marxianus_Seq_637,4.6393133333333335e-06,YDR454C
Kluyveromyces_marxianus_Seq_963,1.6935199999999999e-06,YGL040C
Kluyveromyces_marxianus_Seq_824,4.052543333333333e-06,YER042W
Kluyveromyces_marxianus_Seq_2559,1.4846233333333335e-06,YKR080W
Kluyveromyces_marxianus_Seq_541,1.2520873333333335e-06,YER055C
Kluyveromyces_marxianus_Seq_5086,2.7541833333333335e-06,YDR071C
Kluyveromyces_marxianus_Seq_3429,7.041653333333333e-08,YDL095W
Kluyveromyces_marxianus_Seq_2785,1.1623193333333334e-07,YMR110C
Kluyveromyces_marxianus_Seq_3305,2.0569156666666666e-06,YGR234W
Kluyveromyces_marxianus_Seq_1752,8.68938e-07,YIL124W
Kluyveromyces_marxianus_Seq_3314,5.355516666666667e-06,yHAB160_Kazachstania_kunashirensis_Seq_5081
Kluyveromyces_marxianus_Seq_323,3.970213333333333e-07,YLL001W
Kluyveromyces_marxianus_Seq_41,6.338873333333334e-06,YMR095C
Kluyveromyces_marxianus_Seq_1172,9.589156666666667e-07,YPL134C
Kluyveromyces_marxianus_Seq_1387,2.1424399999999997e-07,YMR058W
Kluyveromyces_marxianus_Seq_3724,2.5295130000000002e-06,YHR128W
Kluyveromyces_marxianus_Seq_2419,1.432965333333333e-06,YKL024C
Kluyveromyces_marxianus_Seq_426,9.003056666666666e-07,YJL155C
Kluyveromyces_marxianus_Seq_4667,5.039863333333334e-08,YER024W
Kluyveromyces_marxianus_Seq_1381,4.817369999999999e-07,YPL214C
Kluyveromyces_marxianus_Seq_748,1.1431400000000002e-06,YLR172C
Kluyveromyces_marxianus_Seq_383,1.3280566666666668e-06,YOR323C
Kluyveromyces_marxianus_Seq_3349,1.9543016666666666e-06,YHR025W
Kluyveromyces_marxianus_Seq_4579,2.465662333333333e-07,YNR008W
Kluyveromyces_marxianus_Seq_1082,5.378395666666666e-07,YER052C
Kluyveromyces_marxianus_Seq_1923,6.441816666666666e-07,YKL094W
Kluyveromyces_marxianus_Seq_4222,1.7640973333333332e-06,YPR192W
Kluyveromyces_marxianus_Seq_402,5.384053333333334e-07,YDL174C
Kluyveromyces_marxianus_Seq_2401,9.56877e-07,YOR126C
Kluyveromyces_marxianus_Seq_657,1.5999340000000002e-07,YEL058W
Kluyveromyces_marxianus_Seq_315,8.744896666666666e-08,YBL011W
Kluyveromyces_marxianus_Seq_4997,5.142183333333334e-07,YDR321W
Kluyveromyces_marxianus_Seq_4655,7.35197e-08,YGL012W
Kluyveromyces_marxianus_Seq_5079,7.334213333333334e-07,YMR099C
Kluyveromyces_marxianus_Seq_1033,1.6062026666666667e-06,YPR128C
Kluyveromyces_marxianus_Seq_498,2.656193e-07,YPR121W
Kluyveromyces_marxianus_Seq_903,8.399129999999999e-07,Lipomyces_starkeyi_Seq_8757
Kluyveromyces_marxianus_Seq_142,3.530647333333333e-06,YIR037W
Kluyveromyces_marxianus_Seq_392,5.0379833333333334e-08,YCR011C
Kluyveromyces_marxianus_Seq_583,9.673906666666667e-08,YGL065C
Kluyveromyces_marxianus_Seq_1745,3.7864466666666665e-06,YDR529C
Kluyveromyces_marxianus_Seq_2983,2.4395166666666667e-07,YDL040C
Kluyveromyces_marxianus_Seq_2132,6.646786666666667e-07,YLR056W
Kluyveromyces_marxianus_Seq_663,9.884920000000001e-08,YLL028W
Kluyveromyces_marxianus_Seq_3238,1.3735233333333332e-06,YER023W
Kluyveromyces_marxianus_Seq_185,1.8185423333333333e-06,YOR095C
Kluyveromyces_marxianus_Seq_936,7.535776666666667e-07,YMR272C
Kluyveromyces_marxianus_Seq_1749,2.0762386666666666e-06,YBR035C
Kluyveromyces_marxianus_Seq_1125,9.9275e-08,YDR400W
Kluyveromyces_marxianus_Seq_4065,1.271774e-07,YLR345W
Kluyveromyces_marxianus_Seq_1842,4.659266666666666e-07,YPL097W
Kluyveromyces_marxianus_Seq_1011,3.6709879999999998e-06,YGR209C
Kluyveromyces_marxianus_Seq_1358,8.61887e-07,YDR051C
Kluyveromyces_marxianus_Seq_38,5.02807e-07,YBL091C
Kluyveromyces_marxianus_Seq_1886,3.02334e-06,YOL143C
Kluyveromyces_marxianus_Seq_3340,8.378023333333333e-07,YGR202C
Kluyveromyces_marxianus_Seq_4047,5.11528e-07,YDR384C
Kluyveromyces_marxianus_Seq_2722,2.7376566666666664e-06,YLR284C
Kluyveromyces_marxianus_Seq_1660,8.254696666666668e-07,YKR043C
Kluyveromyces_marxianus_Seq_4072,3.0253273333333336e-07,YOL061W
Kluyveromyces_marxianus_Seq_4836,4.76907e-07,YLR244C
Kluyveromyces_marxianus_Seq_1505,5.838596666666666e-07,YBR111C
Kluyveromyces_marxianus_Seq_2168,3.85228e-08,YML035C
Kluyveromyces_marxianus_Seq_2222,9.98638e-07,YOR065W
Kluyveromyces_marxianus_Seq_727,4.112853333333333e-08,YOR161C
Kluyveromyces_marxianus_Seq_4064,1.8928683333333334e-06,YOR332W
Kluyveromyces_marxianus_Seq_1089,2.6799033333333335e-07,YER010C
Kluyveromyces_marxianus_Seq_1860,3.0554133333333333e-06,YEL039C
Kluyveromyces_marxianus_Seq_3517,1.2749503333333333e-07,YBR159W
Kluyveromyces_marxianus_Seq_1739,1.1898680000000001e-07,YHR137W
Kluyveromyces_marxianus_Seq_1211,7.319166666666665e-07,YDR047W
Kluyveromyces_marxianus_Seq_3474,7.833713333333334e-07,YLR209C
Kluyveromyces_marxianus_Seq_1671,8.790206666666667e-07,YLR447C
Kluyveromyces_marxianus_Seq_1801,1.9398333333333334e-07,YNL229C
Kluyveromyces_marxianus_Seq_660,6.24861e-08,YGR157W
Kluyveromyces_marxianus_Seq_2929,8.832399999999999e-08,YDR062W
Kluyveromyces_marxianus_Seq_4647,3.231503333333333e-07,YDL141W
Kluyveromyces_marxianus_Seq_3214,1.2509033333333333e-07,Ascoidea_asiatica_Seq_6967
Kluyveromyces_marxianus_Seq_3895,9.559696666666665e-07,YDR007W
Kluyveromyces_marxianus_Seq_1297,2.2755939999999998e-07,YHR007C
Kluyveromyces_marxianus_Seq_2245,6.65948e-07,YGR255C
Kluyveromyces_marxianus_Seq_3000,1.0265866666666668e-07,YER013W
Kluyveromyces_marxianus_Seq_2584,3.27246e-07,YDR531W
Kluyveromyces_marxianus_Seq_684,1.0911376666666667e-06,YKL001C
Kluyveromyces_marxianus_Seq_2223,3.4756366666666663e-07,YEL042W
Kluyveromyces_marxianus_Seq_1134,5.686143333333334e-08,YHR190W
Kluyveromyces_marxianus_Seq_2621,2.9237466666666665e-07,YER013W
Kluyveromyces_marxianus_Seq_2498,5.556426666666667e-07,YPL117C
Kluyveromyces_marxianus_Seq_3923,1.3812036666666666e-06,YIR036C
Kluyveromyces_marxianus_Seq_4103,4.554080000000001e-07,YGR208W
Kluyveromyces_marxianus_Seq_2378,2.098953333333333e-07,YKL216W
Kluyveromyces_marxianus_Seq_790,5.51085e-07,YDR487C
Kluyveromyces_marxianus_Seq_779,3.203046666666667e-08,YJR143C
Kluyveromyces_marxianus_Seq_4825,3.173964e-07,YGL196W
Kluyveromyces_marxianus_Seq_4251,7.007133333333334e-08,YBR084W
Kluyveromyces_marxianus_Seq_966,3.341626666666667e-08,YMR278W
Kluyveromyces_marxianus_Seq_2643,2.5931533333333333e-07,YCR036W
Kluyveromyces_marxianus_Seq_354,2.1412563333333334e-07,YKL181W
Kluyveromyces_marxianus_Seq_3786,7.792576666666668e-07,YML110C
Kluyveromyces_marxianus_Seq_3366,1.6869733333333336e-06,YJR073C
Kluyveromyces_marxianus_Seq_836,8.965566666666668e-08,YGL055W
Kluyveromyces_marxianus_Seq_1826,2.5233099999999996e-07,YNL277W
Kluyveromyces_marxianus_Seq_2734,3.6511143333333333e-07,YER141W
Kluyveromyces_marxianus_Seq_4164,9.880266666666666e-08,YDR297W
Kluyveromyces_marxianus_Seq_787,2.9261566666666666e-08,YPL104W
Kluyveromyces_marxianus_Seq_2086,5.878706666666666e-08,YOR317W
Kluyveromyces_marxianus_Seq_3966,5.869126666666667e-07,YDL205C
Kluyveromyces_marxianus_Seq_4416,1.463608666666667e-07,YPR048W
Kluyveromyces_marxianus_Seq_4578,2.16329e-06,YDL004W
Kluyveromyces_marxianus_Seq_3682,3.219856666666667e-08,YDL015C
Kluyveromyces_marxianus_Seq_1977,3.0847066666666664e-07,YDR530C
Kluyveromyces_marxianus_Seq_1927,1.478505e-07,YMR170C
Kluyveromyces_marxianus_Seq_3965,5.514066666666667e-08,YNL142W
Kluyveromyces_marxianus_Seq_1994,4.902283333333334e-08,YDR508C
Kluyveromyces_marxianus_Seq_1590,1.4365666666666665e-06,YCR010C
Kluyveromyces_marxianus_Seq_3454,5.826433333333333e-09,YPL040C
Kluyveromyces_marxianus_Seq_12,1.078877e-07,YDR376W
Kluyveromyces_marxianus_Seq_3190,2.6094386666666665e-07,YKR069W
Kluyveromyces_marxianus_Seq_1780,3.673186666666666e-07,YLR285W
Kluyveromyces_marxianus_Seq_2162,7.33732e-07,YEL021W
Kluyveromyces_marxianus_Seq_3591,2.9241736666666665e-07,YOR303W
Kluyveromyces_marxianus_Seq_4365,3.359053333333333e-07,YPL188W
Kluyveromyces_marxianus_Seq_1549,3.78506e-08,YLR328W
Kluyveromyces_marxianus_Seq_5033,3.8449933333333335e-07,YDR268W
Kluyveromyces_marxianus_Seq_300,1.8795866666666665e-07,YKL069W
Kluyveromyces_marxianus_Seq_1433,3.3472299999999995e-07,YAL039C
Kluyveromyces_marxianus_Seq_3033,5.880733333333333e-08,YPL111W
Kluyveromyces_marxianus_Seq_2540,7.61348e-07,YMR202W
Kluyveromyces_marxianus_Seq_2505,8.752516666666667e-08,YPR118W
Kluyveromyces_marxianus_Seq_1564,3.44135e-07,YKL192C
Kluyveromyces_marxianus_Seq_2111,1.0536079999999999e-07,YGL067W
Kluyveromyces_marxianus_Seq_739,8.994936666666666e-08,YMR015C
Kluyveromyces_marxianus_Seq_2572,2.966203333333333e-07,YDR354W
Kluyveromyces_marxianus_Seq_298,1.327378e-07,yHMPu5000026124_Ogataea_henricii_Seq_5027
Kluyveromyces_marxianus_Seq_1287,1.032112e-07,YOR196C
Kluyveromyces_marxianus_Seq_1812,3.242656666666667e-08,YGL167C
Kluyveromyces_marxianus_Seq_2108,5.035656666666667e-08,YLR130C
Kluyveromyces_marxianus_Seq_893,5.96465e-08,YMR058W
Kluyveromyces_marxianus_Seq_260,4.38429e-07,YPR167C
Kluyveromyces_marxianus_Seq_2561,2.3141966666666667e-07,YML125C
Kluyveromyces_marxianus_Seq_1402,1.54642e-07,YGR015C
Kluyveromyces_marxianus_Seq_207,2.93447e-07,YAL044C
Kluyveromyces_marxianus_Seq_2519,1.02187e-07,YBR006W
Kluyveromyces_marxianus_Seq_1453,4.08617e-08,YKR058W
Kluyveromyces_marxianus_Seq_4706,1.47096e-07,YGL001C
Kluyveromyces_marxianus_Seq_2326,1.564336666666667e-08,YNR030W
Kluyveromyces_marxianus_Seq_4742,6.124460000000001e-08,YJR049C
Kluyveromyces_marxianus_Seq_1239,4.615733333333334e-09,YNL106C
Kluyveromyces_marxianus_Seq_2810,6.312593333333334e-08,YJL133W
Kluyveromyces_marxianus_Seq_1597,1.02006e-08,YML082W
Kluyveromyces_marxianus_Seq_3332,7.642293333333333e-08,Nadsonia_fulvescens_var_elongata_Seq_5575
Kluyveromyces_marxianus_Seq_3384,2.02999e-07,YNL036W
Kluyveromyces_marxianus_Seq_1115,2.1483966666666666e-08,YMR243C
Kluyveromyces_marxianus_Seq_4202,3.37359e-07,YGR267C
Kluyveromyces_marxianus_Seq_1884,1.0606316666666667e-07,YPL265W
Kluyveromyces_marxianus_Seq_4307,3.4796700000000003e-07,YML022W
Kluyveromyces_marxianus_Seq_3952,1.7079139999999998e-07,Metschnikowia_proteae_Seq_895
Kluyveromyces_marxianus_Seq_3864,2.628703333333333e-07,YOR202W
Kluyveromyces_marxianus_Seq_4321,2.15941e-07,YNL315C
Kluyveromyces_marxianus_Seq_1865,1.3741033333333332e-08,YOR192C
Kluyveromyces_marxianus_Seq_3054,2.20422e-08,YDL042C
Kluyveromyces_marxianus_Seq_3617,6.458566666666666e-08,YBR029C
Kluyveromyces_marxianus_Seq_1691,1.36093e-07,YKR078W
Kluyveromyces_marxianus_Seq_2686,3.4877599999999997e-07,YPR020W
Kluyveromyces_marxianus_Seq_4875,1.00425e-08,YMR301C
Kluyveromyces_marxianus_Seq_3503,1.3214899999999999e-08,YKL188C
Kluyveromyces_marxianus_Seq_4457,2.04518e-07,YGL037C
Kluyveromyces_marxianus_Seq_3536,3.752166666666667e-08,YKL106W
Kluyveromyces_marxianus_Seq_2163,7.405200000000001e-07,YPL059W
Kluyveromyces_marxianus_Seq_467,4.20013e-08,YDR452W
Kluyveromyces_marxianus_Seq_2135,2.1422666666666666e-07,YKL120W
Kluyveromyces_marxianus_Seq_3048,1.5881866666666667e-07,YOR074C
Kluyveromyces_marxianus_Seq_2238,1.0059466666666667e-08,YOR054C
Kluyveromyces_marxianus_Seq_4220,7.0331e-08,YGR277C
Kluyveromyces_marxianus_Seq_1981,3.9956e-08,YEL051W
Kluyveromyces_marxianus_Seq_1368,2.4324e-07,YDR231C
Kluyveromyces_marxianus_Seq_1672,2.91597e-08,YPL015C
Kluyveromyces_marxianus_Seq_545,9.674733333333333e-08,YBR034C
Kluyveromyces_marxianus_Seq_4693,1.66075e-07,YBR153W
Kluyveromyces_marxianus_Seq_3697,2.0761200000000002e-07,YDR513W
Kluyveromyces_marxianus_Seq_3458,1.6799066666666667e-07,YGL080W
Kluyveromyces_marxianus_Seq_3635,7.053900000000001e-08,YDR196C
Kluyveromyces_marxianus_Seq_4190,1.1660000000000001e-07,YFL017C
Kluyveromyces_marxianus_Seq_441,1.9854933333333333e-07,YLR295C
Kluyveromyces_marxianus_Seq_265,9.3713e-09,Lachancea_mirantina_Seq_826
Kluyveromyces_marxianus_Seq_456,2.8993966666666667e-07,YKL016C
Kluyveromyces_marxianus_Seq_2627,3.759476666666666e-08,YBR003W
Kluyveromyces_marxianus_Seq_4493,7.319166666666666e-09,YER013W
Kluyveromyces_marxianus_Seq_971,8.336933333333334e-08,YOR278W
Kluyveromyces_marxianus_Seq_3042,1.2298566666666667e-07,YHR051W
Kluyveromyces_marxianus_Seq_602,1.4130166666666666e-08,YDL174C
Kluyveromyces_marxianus_Seq_4377,2.0605233333333334e-07,YDL219W
Kluyveromyces_marxianus_Seq_4458,3.175043333333333e-08,YIR029W
Kluyveromyces_marxianus_Seq_1720,9.129933333333333e-08,YOR163W
Kluyveromyces_marxianus_Seq_270,4.648666666666667e-08,YNL003C
Kluyveromyces_marxianus_Seq_3807,1.42724e-08,YJL100W
Kluyveromyces_marxianus_Seq_1615,4.4376333333333336e-08,YOR125C
Kluyveromyces_marxianus_Seq_3613,4.3625e-08,YIL020C
Kluyveromyces_marxianus_Seq_4608,1.1760900000000001e-08,YPL023C
Kluyveromyces_marxianus_Seq_4455,6.333733333333333e-09,YEL031W
Kluyveromyces_marxianus_Seq_107,4.0594333333333335e-08,YBR291C
Kluyveromyces_marxianus_Seq_3745,1.0275766666666667e-08,YLR143W
Kluyveromyces_marxianus_Seq_2023,1.5411533333333335e-08,YKR097W
Kluyveromyces_marxianus_Seq_3884,6.885366666666666e-08,YDL166C
Kluyveromyces_marxianus_Seq_3642,1.4210133333333333e-08,YDR232W
Kluyveromyces_marxianus_Seq_3578,1.5596566666666666e-08,YLL012W
Kluyveromyces_marxianus_Seq_2255,1.1486533333333333e-07,YGR247W
Kluyveromyces_marxianus_Seq_4146,1.10775e-07,YEL027W
Kluyveromyces_marxianus_Seq_4952,7.446033333333333e-09,YMR165C
Kluyveromyces_marxianus_Seq_2956,1.0644666666666667e-07,YDR178W
Kluyveromyces_marxianus_Seq_4167,3.7093333333333336e-08,YNL316C
Kluyveromyces_marxianus_Seq_3412,7.945633333333334e-08,YJR069C
